id,name,father_id,mother_id,added_date,hidden
1,John,,,2026-05-05 21:28:08,1
2,Lisa,,,2026-05-05 21:28:23,1
3,Ashley,,,2026-05-05 21:34:42,1
4,James,,,2026-05-05 21:35:56,1
5,Michael,,,2026-05-05 21:37:10,1
6,William,,,2026-05-05 21:38:22,1
7,Sarah,5,4,2026-05-05 21:39:43,1
8,Ethan,6,3,2026-05-05 21:40:17,1
9,Peter,3,8,2026-05-05 21:44:15,1
10,Jimmy,1,4,2026-05-05 21:45:19,1
11,Jeremy,7,6,2026-05-05 21:46:03,1
12,Ernest,1,10,2026-05-05 22:05:06,1
13,Eric,10,4,2026-05-05 22:06:05,1
14,Jessica,,,2026-05-05 22:10:56,1
15,Nichole,,,2026-05-05 22:12:30,1
16,Brooke,15,14,2026-05-05 22:13:48,1
17,Raven,,,2026-05-05 22:14:21,1
18,Travis,10,1,2026-05-05 22:26:45,1
19,Luis,11,12,2026-05-05 22:27:21,1
20,Kayla,13,14,2026-05-05 22:28:11,1
21,Julie,15,16,2026-05-05 22:28:31,0
22,Steven,,,2026-05-05 22:50:01,1
23,Bailey,18,21,2026-05-05 22:51:36,0
24,Robert,10,11,2026-05-05 22:52:13,0
25,Taylor,23,21,2026-05-05 23:01:51,0
26,Rachel,10,11,2026-05-05 23:03:35,1
27,Susan,24,18,2026-05-05 23:04:24,0
28,David,21,24,2026-05-05 23:13:18,0
29,Jason,,,2026-05-05 23:16:00,1
30,Bit Champer,,,2026-05-05 23:16:16,1
31,Jacob,21,27,2026-05-05 23:18:33,1
32,Tracy,25,24,2026-05-05 23:22:43,0
33,Linda,23,28,2026-05-05 23:25:45,1
34,Lucas,21,23,2026-05-06 00:29:21,0
35,Manuel,27,24,2026-05-06 00:29:42,0
